,title,description,originallink,link,pubDate
0,"뉴발란스, 엠베서더 아이유와 첫 여성 컬렉션 쉬프티드 라인 공개",엠베서더 <b>아이유</b>와 함께한 화보를 선보인다. 뉴발란스가 새롭게 선보이는 이번 NB 쉬프티드 라인(SHIFTED... 또한 뉴발란스 쉬프티드 라인 컬렉션 발매를 기념해 <b>아이유</b>와 함께한 화보는 ‘Colorful Emotions’ 이라는... ,http://www.fashionn.com/board/read_new.php?table=1006&number=42580,http://www.fashionn.com/board/read_new.php?table=1006&number=42580,"Thu, 18 Aug 2022 10:18:00 +0900"
1,"제이홉, 폭우 피해에 1억원 기부","이번 폭우 피해로 배우 김혜수가 1억원을 기부한데 방송인 유재석, 가수 싸이(본명 박재상), 가수 <b>아이유</b>와 수지가 각각 1억원을 기부했으며 배우 김고은, 한지민이 5000만원을 기부했다.",http://star.mk.co.kr/new/view.php?mc=ST&year=2022&no=730011,https://n.news.naver.com/mnews/article/009/0005005817?sid=106,"Thu, 18 Aug 2022 10:18:00 +0900"
2,걸그룹 강세 맞설 ‘쟁쟁’ 男솔로 온다[스경X초점],"<b>아이유</b>)’와 지난달 ‘니드 투 노우’를 통해 특유의 부드럽고 트렌디한 감성으로 사랑받았다. 그동안 다양한 장르의 노래를 선보이며 솔로 힙합 가수로서 독보적인 반열에 오른 가운데, 신곡 ‘바이트’는 또 어떤... ",http://sports.khan.co.kr/news/sk_index.html?art_id=202208180955013&sec_id=540301&pt=nv,https://n.news.naver.com/mnews/article/144/0000831639?sid=106,"Thu, 18 Aug 2022 09:57:00 +0900"
3,"이브자리 슬립앤슬립, ‘쿠잠’ 출시…항균 기능성 제품 확대",또 슬립앤슬립은 론칭 방송을 통해 구매 후 네이버 쇼핑에 포토 후기를 남기는 고객을 추첨해 <b>아이유</b> 삼각 등쿠션과 커피쿠폰을 증정하는 이벤트도 진행한다. 조은자 이브자리 수면환경연구소 부소장은 “특히 코로나19... ,http://www.edaily.co.kr/news/newspath.asp?newsid=01676086632428632,https://n.news.naver.com/mnews/article/018/0005294891?sid=101,"Thu, 18 Aug 2022 09:42:00 +0900"
4,아이유 콘서트 연습 영상 공개... '잠실에서 만나요',<b>아이유</b> 콘서트 연습 영상 공개... &apos;잠실에서 만나요&apos; 사진= <b>아이유</b> 공식 트위터 가수 <b>아이유</b>가 유튜브에 콘서트 연습 영상을 올려 화제가 되고 있다. 지난 17일 <b>아이유</b>는 공식 유튜브 채널인 &apos;이지금 [IU Official]... ,http://www.ggilbo.com/news/articleView.html?idxno=929178,http://www.ggilbo.com/news/articleView.html?idxno=929178,"Thu, 18 Aug 2022 09:18:00 +0900"
5,"'가격 무려 100배 폭등'… 아이유 '한정판 LP', 도대체 얼마?",가수 <b>아이유</b>(본명 이지은)의 한정판 앨범 LP 가격이 &apos;희귀템&apos;으로 등극하며 가격이 무려 100배나 상승했다.... 이날 3위에는 <b>아이유</b>의 노래 &apos;너의 의미&apos;가 이름을 올렸다. &apos;너의 의미&apos;의 원곡자는 가수 김창완이다.... ,http://moneys.mt.co.kr/news/mwView.php?no=2022081808230554321,https://n.news.naver.com/mnews/article/417/0000843788?sid=106,"Thu, 18 Aug 2022 09:00:00 +0900"
6,"이동국 전축구국가대표-한국펩시콜라, 한부모여성 가정에 2천만 원 기부","또한 펩시 및 게토레이의 프리미어 파트너로 활약중인 전 국가대표 피겨스케이팅 선수 김연아, 가수 <b>아이유</b>, 가수 아이브 싸인이 담긴 &apos;펩시 콜라보 삼성 갤럭시 Z플립3&apos;  다섯 세트를 한부모여성 가정 자녀를 대상으로... ",http://www.stnsports.co.kr/news/articleView.html?idxno=153534,https://sports.news.naver.com/news.nhn?oid=450&aid=0000086838,"Thu, 18 Aug 2022 08:41:00 +0900"
7,"이동국X한국펩시콜라, 한부모여성 가정에 2천만원 기부","또한 펩시 및 게토레이의 프리미어 파트너로 활약중인 전 국가대표 피겨스케이팅 선수 김연아, 가수 <b>아이유</b>, 가수 아이브 싸인이 담긴 &apos;펩시 콜라보 삼성 갤럭시 Z플립3&apos;  다섯 세트를 한부모여성 가정 자녀를 대상으로... ",http://www.slist.kr/news/articleView.html?idxno=377490,http://www.slist.kr/news/articleView.html?idxno=377490,"Thu, 18 Aug 2022 08:18:00 +0900"
8,학비만 약 6억! 스타들이 선택한 유학지는 (연중 라이브),"1억을 쾌척한 유재석과 <b>아이유</b>, 박재범에 이어 침수 피해를 입은 동료를 위해 나선 스타들까지. 수재민들의 일상 회복을 위해 따듯한 손길을 내민 스타들을 소개한다. 이어서, 세계 곳곳에서 멋진 휴가를 즐기는 스타들!... ",http://sports.chosun.com/news/ntype.htm?id=202208190100127960007807&servicedate=20220818,https://n.news.naver.com/mnews/article/076/0003906014?sid=106,"Thu, 18 Aug 2022 08:18:00 +0900"
9,"공효진·케빈오 결혼, '연중 라이브' 헤드라인…김지민 개릴라 데이트","1억을 쾌척한 유재석과 <b>아이유</b>, 박재범에 이어 침수 피해를 입은 동료를 위해 나선 스타들까지. 수재민들의 일상 회복을 위해 따듯한 손길을 내민 스타들을 소개한다 사진=KBS 2TV &apos;연중 라이브&apos; &apos;개릴라... ",http://www.slist.kr/news/articleView.html?idxno=377451,http://www.slist.kr/news/articleView.html?idxno=377451,"Thu, 18 Aug 2022 07:14:00 +0900"
10,아이유 '한정판 LP' 3만원→300만원…리셀가 '폭등',가수 <b>아이유</b>(본명 이지은)의 한정판 앨범 LP 가격이 8년 만에 100배 상승한 것으로 조사됐다. 지난 17일 Mnet 예능 &apos;TMI NEWS SHOW&apos;는 &apos;네곡내곡! 원곡을 삼킨 리메이크곡 BEST 10&apos;이라는 주제로 꾸며졌다. 이날 방송에서 <b>아이유</b>... ,http://news.mt.co.kr/mtview.php?no=2022081806304549419,https://n.news.naver.com/mnews/article/008/0004784263?sid=106,"Thu, 18 Aug 2022 06:52:00 +0900"
11,100억 이상 부자 사주? 선우 “종교 없어서 뭐든 믿어야” (TMI뉴스쇼)[어제T...,"한편 이날 방송에서 공개된 리메이크곡 베스트10에는 조정석 ‘아로하’, <b>아이유</b> ‘너의 의미’, 빅뱅 ‘붉은 노을’, 성시경 ‘너에게’, 최준 ‘커피 한잔 할래요’, 이승기 ‘제발’, 샤이니 ‘줄리엣’, MSG워너비... ",https://www.newsen.com/news_view.php?uid=202208180600471710,https://n.news.naver.com/mnews/article/609/0000616410?sid=106,"Thu, 18 Aug 2022 06:03:00 +0900"
12,"아이유, 리메이크 앨범 한정판 LP 리셀가 3백만원 (TMI뉴스쇼)[결정적장면]",뉴스엔 유경상 yooks@ <b>아이유</b> 리메이크 앨범 한정판 LP가 리셀가 3백만원으로 알려졌다. 8월 17일 방송된... 이날 방송에서 공개된 리메이크곡 베스트 3위는 <b>아이유</b> ‘너의 의미’. ‘너의 의미’ 원곡은 김창완으로... ,https://www.newsen.com/news_view.php?uid=202208180601291710,https://n.news.naver.com/mnews/article/609/0000616411?sid=106,"Thu, 18 Aug 2022 06:03:00 +0900"
13,"[종합] 아이유 한정판 LP, 100배 가격에 거래…원곡 삼킨 리메이크곡 BEST 10...",3위에는 <b>아이유</b>와 원곡자 김창완이 함께 리메이크한 ‘너의 의미’. <b>아이유</b>는 해당 곡을 리메이크한 이유로 짝사랑한 사람이 즐겨 듣던 노래라고 밝혀 놀라움을 안기기도 했다. 4위는 많은 히트곡을 배출한 그룹... ,https://tenasia.hankyung.com/tv/article/2022081703414,https://n.news.naver.com/mnews/article/312/0000564455?sid=106,"Thu, 18 Aug 2022 06:02:00 +0900"
14,"아이유, 섹시한 레드립...계절을 앞서가는 가을여신[TEN★]",가수 겸 배우 <b>아이유</b>가 남다른 근황을 전했다. <b>아이유</b>는 17일 자신의 인스타그램에 &quot;찐립 연립&quot;이라는 글과 함께 사진을 게재했다. <b>아이유</b>는 평소와 다른 진한 립을 바르고 몽환적인 매력을 뽐내 시선을 사로잡았다. 한편... ,https://tenasia.hankyung.com/topic/article/2022081804854,https://n.news.naver.com/mnews/article/312/0000564452?sid=106,"Thu, 18 Aug 2022 05:35:00 +0900"
15,"아이유 한정판 LP, 리셀가 300만원…8년 만에 출시가 10배 ↑ (TMI)","<b>아이유</b>의 한정판 LP가 리셀가 300만원을 기록했다. 17일 방송된 Mnet &apos;TMI NEWS SHOW&apos;에는 더보이즈 영훈, 주연, 선우가 게스트로 출연한 가운데, 리메이크곡 BEST 10을 공개했다. &apos;리메이크곡 BEST 10&apos; 3위는 <b>아이유</b>의 &apos;너의... ",https://www.xportsnews.com/article/1618920,https://n.news.naver.com/mnews/article/311/0001489755?sid=106,"Thu, 18 Aug 2022 04:31:00 +0900"
16,"아이유 화보, 바람막이에 드러난 잘록 허리",가수 겸 배우 <b>아이유</b>의 화보가 공개됐다. 한 브랜드는 <b>아이유</b>과 함께한 화보를 공개했다. <b>아이유</b>와 함께한 화보는 ‘Colorful Emotions’ 이라는 콘셉으로 진행됐다. <b>아이유</b>는 음악을 통해 전달하고 있는 다양한 감정들을... ,http://star.mbn.co.kr/view.php?year=2022&no=729239&refer=portal,https://n.news.naver.com/mnews/article/057/0001684206?sid=106,"Thu, 18 Aug 2022 02:02:00 +0900"
17,"가수 임영웅, 방탄소년단·아이유 잇는 강한 영향력...콘서트 화제","<b>아이유</b> 잇는 강한 영향력...콘서트 화제  (출처=임영웅sns) 가수 임영웅의 선사하는 설렘과 기대감이 얼마나 큰 영향력을 펼치고 있는 것일까? 임영웅은 8월 광고모델 브랜드평판 지수에서 방탄소년단, <b>아이유</b>에... ",https://www.gukjenews.com/news/articleView.html?idxno=2531117,https://www.gukjenews.com/news/articleView.html?idxno=2531117,"Thu, 18 Aug 2022 00:06:00 +0900"
18,"""찐립·연립"" 아이유, 청순부터 섹시까지",/<b>아이유</b> 인스타그램 캡처  <b>아이유</b>가 청순부터 섹시까지 다채로운 매력의 셀카를 공개했다. 17일 <b>아이유</b>는 자신의 인스타그램에 찐립 연립&quot;이라고 글과 여러 장의 사진을 게재했다. <b>아이유</b>는 연한 색상의 립과... ,http://www.sporbiz.co.kr/news/articleView.html?idxno=628929,http://www.sporbiz.co.kr/news/articleView.html?idxno=628929,"Thu, 18 Aug 2022 00:02:00 +0900"
19,‘연중 라이브’ 연예인이 선택한 학비 6억 유학지는?[채널예약],"1억을 쾌척한 유재석과 <b>아이유</b>, 박재범에 이어 침수 피해를 입은 동료를 위해 나선 스타들까지 수재민들의 일상 회복을 위해 따듯한 손길을 내민 스타들을 소개한다. 세계 곳곳에서 멋진 휴가를 즐기는 스타들! ‘SNS... ",http://sports.khan.co.kr/news/sk_index.html?art_id=202208172324003&sec_id=540201&pt=nv,https://n.news.naver.com/mnews/article/144/0000831591?sid=106,"Wed, 17 Aug 2022 23:25:00 +0900"
20,"아이유, '찐립·연립' 도대체 어느 쪽을 선택해야 할까요? '아이유 is 뭔들'은...",역시 &apos;<b>아이유</b> is 뭔들&apos;이다. 넘사벽 화보 장인이다. 레드립은 무죄다. 가수 겸 배우 <b>아이유</b>가 17일 자신의 인스타그램을 통해 광고 촬영 현장에서 찍은 사진을 &apos;찐립 연립&apos;이라는 글과 함께 공개했다. 진한 컬러의 립스틱과... ,http://sports.chosun.com/news/ntype.htm?id=202208180100126360007707&servicedate=20220817,https://n.news.naver.com/mnews/article/076/0003905924?sid=106,"Wed, 17 Aug 2022 21:36:00 +0900"
21,아이유 고혹과 청순과 오가는 매력 과시,충청매일 CCDN <b>아이유</b> 인스타그램  가수 겸 배우 <b>아이유</b>의 근황이 공개가 됐다. <b>아이유</b>는 17일 인스타그램에 &quot;찐립 연립&quot;이라는 글과 함께 사진을 게재했다. 공개된 사진 속 <b>아이유</b>는 빨간색 입술에 털 가디건을 두른 채... ,http://www.ccdn.co.kr/news/articleView.html?idxno=775455,http://www.ccdn.co.kr/news/articleView.html?idxno=775455,"Wed, 17 Aug 2022 21:34:00 +0900"
22,"‘18일 발매’ 박재범, 새 노래 ‘Bite’ 뮤비 티저 공개",<b>아이유</b>)’로 음원 차트에서 롱런을 이어갔다. 지난 7월에는 ‘Need To Know (니드 투 노우)’를 발매하고 리스너들의 여름 감성을 저격하며 독보적인 존재감을 발휘했다. 박재범의 신곡 ‘Bite’는 오는 18일 오후... ,http://sports.khan.co.kr/news/sk_index.html?art_id=202208172117003&sec_id=540301&pt=nv,https://n.news.naver.com/mnews/article/144/0000831567?sid=106,"Wed, 17 Aug 2022 21:19:00 +0900"
23,"[유통이슈] 홈플러스, 창고大개방 ‘홈플대란 시즌2’ 개최 外","이번 애니플러스가 인수한 로운컴퍼니씨앤씨는 기획, 디자인, 제조, 유통·운영 등 굿즈 생산 전 과정을 올인원(All-In-One)으로 소화하며, <b>아이유</b>, BTS 등 대형 K-POP 스타의 팬덤 굿즈 및 알라딘, 카카오프렌즈... ",http://www.lawissue.co.kr/view.php?ud=202208172113389809204ead0791_12,http://www.lawissue.co.kr/view.php?ud=202208172113389809204ead0791_12,"Wed, 17 Aug 2022 21:16:00 +0900"
24,"아이유 한정판 LP, 3만원→300만원 거래…무려 '100배' 치솟았다 ('TMI뉴스쇼...",<b>아이유</b>의 한정판 LP 앨범 가격이 100배로 치솟았다. 17일 방송된 &apos;TMI NEWS SHOW&apos;에서는 ‘원곡을 삼킨... 이날 &apos;원곡을 삼킨 리메이크곡&apos; 3위에는 <b>아이유</b>와 원곡자 김창완이 함께 리메이크한 ‘너의 의미’. <b>아이유</b>는 해당... ,https://tenasia.hankyung.com/tv/article/2022081703334,https://n.news.naver.com/mnews/article/312/0000564439?sid=106,"Wed, 17 Aug 2022 21:06:00 +0900"
25,"아이유, 찐립? 연립? 이미 美친 미모인데… 그게 중요해?","<b>아이유</b>가 셀카를 공개했다. 17일, <b>아이유</b>는 자신의 인스타그램을 통해 화보 촬영 중 다양한 메이크업 사진을 공개했다. <b>아이유</b>는 &quot;찐립 연립&quot;이라고 글을 남겼다. 공개된 사진 속에서 <b>아이유</b>는 진한 붉은색... ",http://www.osen.co.kr/article/G1111921169,https://n.news.naver.com/mnews/article/109/0004680150?sid=106,"Wed, 17 Aug 2022 19:56:00 +0900"
26,아이유가 이렇게 시크하다고?...카리스마 미모 [리포트:컷],가수 <b>아이유</b>가 남다른 카리스마를 뽐냈다. 17일 <b>아이유</b>는 자신의 인스타그램에 &quot;찐립 연립&quot;이라는 문구와 함께 사진을 게재했다. <b>아이유</b>는 평소와 다른 진한 립을 바르고 몽환적인 매력을 뽐내 시선을 사로잡았다.... ,https://www.tvreport.co.kr/2112730,https://n.news.naver.com/mnews/article/213/0001225941?sid=106,"Wed, 17 Aug 2022 18:00:00 +0900"
27,"뉴발 란스~아이유, 'NB SHIFTED LINE' ...첫 여성 컬렉션는 재구성 SHIFTED '...",뉴발란스(New Balance)가 첫 여성 컬렉션을 발매하며 브랜드 엠베서더 <b>아이유</b>와 함께한 화보를 선보인다.... <b>아이유</b>는 음악을 통해 전달하고 있는 다양한 감정들을 이번 화보를 통해 컬러풀하게 풀어내어... ,http://www.kdfnews.com/news/articleView.html?idxno=95687,http://www.kdfnews.com/news/articleView.html?idxno=95687,"Wed, 17 Aug 2022 17:50:00 +0900"
28,"아이유, 진한 레드립도 연한 베이지립도 '찰떡'…성숙미 더한 가을 여신",사진=<b>아이유</b> 인스타그램 가수 겸 배우 <b>아이유</b>가 진한 레드립 메이크업으로 성숙한 매력을 선보였다. <b>아이유</b>는 17일 자신의 인스타그램에 &quot;찐립 연립&quot;이란 글과 함께 세 장의 사진을 올렸다. 사진에서 <b>아이유</b>는 스모키... ,http://sports.hankooki.com/news/articleView.html?idxno=6804872,http://sports.hankooki.com/news/articleView.html?idxno=6804872,"Wed, 17 Aug 2022 17:30:00 +0900"
29,"'1억 기부' 아이유, 진한 레드립+명품백…물오른 성숙美",가수 겸 배우 <b>아이유</b>가 근황을 공개했다. <b>아이유</b>는 17일 인스타그램에 &quot;찐립 연립&quot;이라는 글과 함께 사진을 게재했다. 공개된 사진 속 <b>아이유</b>는 진한 레드립을 바르고 털이 인상적인 가디건 스타일링을 보여주고 있다.... ,http://www.mydaily.co.kr/new_yk/html/read.php?newsid=202208171702485446&ext=na&utm_campaign=naver_news&utm_source=naver&utm_medium=related_news,https://n.news.naver.com/mnews/article/117/0003636513?sid=106,"Wed, 17 Aug 2022 17:26:00 +0900"
30,"아이유, ""찐립 연립"" 둘 다 美쳤네…분위기 여신 따로없어",가수 겸 배우 <b>아이유</b>가 여러 메이크업 셀카를 올리며 색다른 매력을 발산했다. 17일 오후 <b>아이유</b>는 자신의 인스타그램에 &quot;찐립 연립&quot;이라는 글과 함께 사진 여러 장을 게재했다. 공개된 사진 속 <b>아이유</b>는 말 그대로 진한... ,https://www.xportsnews.com/article/1618845,https://n.news.naver.com/mnews/article/311/0001489671?sid=106,"Wed, 17 Aug 2022 17:26:00 +0900"
31,"""찐립연립"" 아이유 ""팜므파탈에서 청순가련까지"" 다되네","배우 겸 가수 <b>아이유</b>가 전혀 상반된 이미지를 선보였다. <b>아이유</b>는 17일 자신의 인스타그램에 &apos;찐립연립&apos;이라는 멘트와 함께 3장을 올렸다. &apos;찐립 연립&apos;은 &apos;진한 립스틱, 연한 립스틱&apos;이라는 의미다. 사진 속 <b>아이유</b>는 짙은... ",http://sports.chosun.com/news/ntype.htm?id=202208170100123910007523&servicedate=20220817,https://n.news.naver.com/mnews/article/076/0003905759?sid=106,"Wed, 17 Aug 2022 17:21:00 +0900"
32,"아이유, 명품보다 더 빛나는 미모‥섹시 레드립까지 찰떡 소화",가수 <b>아이유</b>가 다양한 메이크업을 소화하는 미모를 뽐냈다. <b>아이유</b>는 8월 17일 자신의 인스타그램에 “찐립 연립”이라는 글과 함께 사진 여러 장을 게재했다. 공개된 사진에는 <b>아이유</b>의 다양한 매력이 담겼다. <b>아이유</b>는... ,https://www.newsen.com/news_view.php?uid=202208171640042510,https://n.news.naver.com/mnews/article/609/0000616350?sid=106,"Wed, 17 Aug 2022 17:18:00 +0900"
33,"아이유, '섹시미 물씬' 레드립 착붙 소화하네...물오른 명품미모",사진=<b>아이유</b>SNS사진=<b>아이유</b>SNS사진=<b>아이유</b>SNS 가수 겸 배우 <b>아이유</b>(이지은)의 물오른 섹시미와 우아한 미모가 포착됐다. 17일 <b>아이유</b>가 자신의 인스타그램을 통해 &quot;찐립 연립&quot;이라며 근황을 알렸다. 공개된 사진 속... ,http://www.newsinside.kr/news/articleView.html?idxno=1140470,http://www.newsinside.kr/news/articleView.html?idxno=1140470,"Wed, 17 Aug 2022 17:08:00 +0900"
34,"애니플러스, 로운컴퍼니씨앤씨 인수…""팬덤 굿즈시장 강자로 도약""","<b>아이유</b>, BTS 등 케이팝 스타의 팬덤 굿즈와 알라딘, 카카오프렌즈, 라이엇게임즈, 존슨앤존슨 등 국내외 유수 협력사들의 IP 관련 상품을 생산하고 있다. 또 로운컴퍼니씨앤씨는 자회사 로운랩스를 통해 NFT 프로젝트와... ",https://www.hankyung.com/finance/article/2022081798536,https://n.news.naver.com/mnews/article/015/0004737954?sid=101,"Wed, 17 Aug 2022 16:58:00 +0900"
35,"아이유, 스모키에 레드립으로 뇌쇄적..물오른 인간 구찌",가수 겸 배우 <b>아이유</b>가 물오른 미모를 자랑했다. 17일 <b>아이유</b>는 자신의 인스타그램 계정에 색다른 분위기의 사진을 게재했다. <b>아이유</b>는 사진과 함께 &quot;찐립 연립&quot;이라고 글을 남겼다. 사진 속 <b>아이유</b>는 세미 스모키... ,http://biz.heraldcorp.com/view.php?ud=202208171645430279400_1,https://n.news.naver.com/mnews/article/112/0003581282?sid=106,"Wed, 17 Aug 2022 16:56:00 +0900"
36,"아이유, 치명적 레드립→청순한 핑크립..팔색조 비주얼 [스타IN★]",가수 겸 배우 <b>아이유</b>가 완벽한 비주얼을 자랑했다. <b>아이유</b>는 17일 자신의 인스타그램에 &quot;찐립 연립&quot;이라는 글과 촬영 현장에서 찍은 사진을 게재했다. 사진 속 <b>아이유</b>는 치명적인 레드립이 인상적인 메이크업을 한 채... ,http://star.mt.co.kr/stview.php?no=2022081716373694336,https://n.news.naver.com/mnews/article/108/0003079562?sid=106,"Wed, 17 Aug 2022 16:47:00 +0900"
37,"치즈, 청량 음색으로 '킬링 보이스' 접수","앞서 <b>아이유</b>, 마마무, 성시경, 태연, 빅마마, 이하이, 하이라이트 등 다채로운 장르의 아티스트들이 출연해 음악 팬들의 뜨거운 지지를 받았다. 특히 <b>아이유</b>는 조회수 4800만 뷰를 기록했고, 영상 공개 10일 만에... ",http://www.tvdaily.co.kr/read.php3?aid=16607219401650051010,http://www.tvdaily.co.kr/read.php3?aid=16607219401650051010,"Wed, 17 Aug 2022 16:42:00 +0900"
38,아이유 도발적인 레드립…낯선데 매력적이야 [DA★],<b>아이유</b> 도발적인 레드립…낯선데 매력적이야 [DA★] 가수 겸 배우 <b>아이유</b>가 도발적인 매력을 발산했다. <b>아이유</b>는 17일 자신의 인스타그램을 통해 광고 촬영 현장에서 찍은 사진을 공개했다. 사진 속 그는 진한 레드립이... ,https://sports.donga.com/article/all/20220817/114999981/1,https://n.news.naver.com/mnews/article/382/0000998521?sid=106,"Wed, 17 Aug 2022 16:39:00 +0900"
39,'황제' 임영웅보다 브랜드 평판 높은 광고모델은?,"BTS에 이어 <b>아이유</b>와 임영웅이 각각 2위와 3위에 올랐다. 이는 한국기업평판연구소가 지난달 15일부터 이달... 이에 따르면 2022년 8월 광고모델 브랜드평판에서는 방탄소년단, <b>아이유</b>, 임영웅, 유재석, 손흥민이 톱5를... ",http://www.goodkyung.com/news/articleView.html?idxno=184964,http://www.goodkyung.com/news/articleView.html?idxno=184964,"Wed, 17 Aug 2022 16:36:00 +0900"
40,"뉴발란스, 아이유와 함께한 여성 컬렉션 화보 공개",엠베서더 <b>아이유</b>와 함께한 화보를 선보인다. 뉴발란스가 새롭게 선보이는 이번 NB SHIFTED LINE 여성... 또한 뉴발란스 쉬프티드 라인 컬렉션 발매를 기념해 <b>아이유</b>와 함께한 화보는 ‘Colorful Emotions’ 이라는 컨셉으로... ,http://okfashion.co.kr/detail.php?number=58313&thread=81r06r03,http://okfashion.co.kr/detail.php?number=58313&thread=81r06r03,"Wed, 17 Aug 2022 16:32:00 +0900"
41,"박재범, 신곡 ‘Bite’ MV 티저 공개... 감각적 일러스트 눈길",<b>아이유</b>)’로 음원 차트에서 롱런을 이어갔다. 지난 7월에는 ‘Need To Know’를 발매하고 리스너들의 여름 감성을 저격하며 독보적인 존재감을 발휘했다. 한편 박재범의 신곡 ‘Bite’는 오는 18일 오후 6시 각종... ,https://www.bntnews.co.kr/article/view/bnt202208170042,https://www.bntnews.co.kr/article/view/bnt202208170042,"Wed, 17 Aug 2022 16:08:00 +0900"
42,"아이유, 산뜻한 크롭 바람막이로 편안한 스타일링 연출",충청매일 CCDN  가수 겸 배우 <b>아이유</b>의 화보가 공개가 됐다. 글로벌 스포츠 브랜드 뉴발란스(New Balance)가 첫 뉴발란스 쉬프티드 라인 여성 컬렉션을 발매하며 브랜드 앰버서더 <b>아이유</b>와 함께한 화보를 17일 선보였다.... ,http://www.ccdn.co.kr/news/articleView.html?idxno=775246,http://www.ccdn.co.kr/news/articleView.html?idxno=775246,"Wed, 17 Aug 2022 16:06:00 +0900"
43,한국예술원 실용음악 어쿠스틱 밴드 '4분 쉼표' 청춘 마이크 성황리에 마무리,"이날 공연에서 &apos;4분 쉼표&apos; 밴드는 <b>아이유</b> - 라일락, 볼빨간 사춘기 - 별 보러 갈래, Jason Mraz - I won&apos;t to give up, Harry Styles - Watermelon Sugar 등 총 4곡을 선보이며 무더위에 지친 관객들에게 힐링의 시간을 선사했다. 지난... ",http://www.lecturernews.com/news/articleView.html?idxno=104780,http://www.lecturernews.com/news/articleView.html?idxno=104780,"Wed, 17 Aug 2022 15:58:00 +0900"
44,"브랜드발전소, 아이유 콘서트 지하철 광고 진행",옥외광고 전문기업 브랜드발전소는 디지털 영상 광고 매체인 디포스테이션을 활용해 <b>아이유</b> 콘서트의 지하철 광고를 진행했다고 밝혔다. 잠실종합운동장 올림픽주경기장에서 개최되는 가수 <b>아이유</b>의 콘서트 &apos;2022... ,http://www.wsobi.com/news/articleView.html?idxno=171716,http://www.wsobi.com/news/articleView.html?idxno=171716,"Wed, 17 Aug 2022 15:50:00 +0900"
45,"임영웅, 광고주가 사랑하는 트로트 스타 1위","1위는 방탄소년단(BTS), 2위는 <b>아이유</b>였다. 트로트가수 중에서는 1위다. 한국기업평판연구소는 국내... 2022년 8월 광고모델 브랜드평판 30위 순위는 방탄소년단, <b>아이유</b>, 임영웅, 유재석, 손흥민, 공유, 손석구, 블랙핑크... ",https://www.ekn.kr/web/view.php?key=20220817001533511,https://www.ekn.kr/web/view.php?key=20220817001533511,"Wed, 17 Aug 2022 15:36:00 +0900"
46,"[이앤피] ""尹 낮은 지지율, 국민 관점에서 세세하고 꼼꼼하게 살펴보겠다 外""","◇ 김우성&gt; 임영웅 씨 말고 가수 <b>아이유</b> 씨에게도 &quot;주제 파악이 필요하다&quot;는 농담조의 말이 따라붙고 있다고요. ◆ 이우영&gt; <b>아이유</b>는 다음 달 17~18일 올림픽 주 경기장에서 콘서트를 진행하는데, 누리꾼들 다수가 티켓팅에... ",https://radio.ytn.co.kr/program/?f=2&id=84584&s_mcd=0452&s_hcd=01,https://radio.ytn.co.kr/program/?f=2&id=84584&s_mcd=0452&s_hcd=01,"Wed, 17 Aug 2022 15:32:00 +0900"
47,"빅톤 승식‧세준, '노동의 맛'에 첫날부터 '눕방' (싱그린)","뒤이어 아도라는 <b>아이유</b>의 &apos;어푸&apos;를, 윤딴딴은 자작곡 &apos;겨울을 걷는다&apos;를 &apos;여름을 걷는다&apos;로 재해석해 선보인다. 윤딴딴의 무대 후 승식은 &quot;저 사실은 윤딴딴 선배님 팬입니다&quot;라며 수줍게 팬심을 고백한다. 특히 최애곡이... ",https://www.xportsnews.com/article/1618743,https://n.news.naver.com/mnews/article/311/0001489571?sid=106,"Wed, 17 Aug 2022 15:21:00 +0900"
48,임영웅 아이유 박은빈이 암표에 대처해 팬을 지키는 방법 [이슈와치],"가수 <b>아이유</b>과 임영웅 그리고 배우 박은빈, 이들은 최근 부정 티켓 근절에 나선 대표적 스타들이다. 지난 8월 11일 <b>아이유</b> 소속사 EDAM엔터테인먼트는 공식 팬카페를 통해 공연 부정 티켓 취소에 관련한 공지문을 게재했다.... ",https://www.newsen.com/news_view.php?uid=202208171420016810,https://n.news.naver.com/mnews/article/609/0000616269?sid=106,"Wed, 17 Aug 2022 15:15:00 +0900"
49,[스타서베이] 8월 3주차 남녀 가수·배우·아이돌 '브랜드 파워' 투표 시작…...,"여자 가수 후보는 송가인, 양지은, 김태연, 강혜연, 홍지윤, <b>아이유</b>, 김다현, 정다경, 니쥬 마야, 싱어게인 서기, 레드벨벳 아이린, 에이핑크 박초롱, 블랙핑크 리사, 정미애, 김나희, 설하윤, 황우림, 있지 예지, 윤태화... ",http://www.topstarnews.net/news/articleView.html?idxno=14721983,http://www.topstarnews.net/news/articleView.html?idxno=14721983,"Wed, 17 Aug 2022 15:02:00 +0900"
50,"[이앤피] ""尹 낮은 지지율, 국민 관점에서 세세하고 꼼꼼하게 살펴보겠다 外""","◇ 김우성&gt; 임영웅 씨 말고 가수 <b>아이유</b> 씨에게도 &quot;주제 파악이 필요하다&quot;는 농담조의 말이 따라붙고 있다고요. ◆ 이우영&gt; <b>아이유</b>는 다음 달 17~18일 올림픽 주 경기장에서 콘서트를 진행하는데, 누리꾼들 다수가 티켓팅에... ",https://www.ytn.co.kr/_ln/0101_202208171457099371,https://n.news.naver.com/mnews/article/052/0001777865?sid=100,"Wed, 17 Aug 2022 14:57:00 +0900"
51,"'TOP' 임영웅, 유튜브뮤직 최근 28일 조회수 1위","1위 임영웅에 이어 2위 에스파(3160만 뷰), 3위 <b>아이유</b>(2590만 뷰), 4위 방탄소년단(2320만 뷰) 5위 뉴진스(2320만 뷰), 6위 아이브(2250만 뷰), 7위 세븐틴(2100만 뷰), 8위 ITZY(2000만 뷰), 9위 (여자)아이들(1990만 뷰), 10위... ",http://star.mt.co.kr/stview.php?no=2022081709432461930,https://n.news.naver.com/mnews/article/108/0003079520?sid=106,"Wed, 17 Aug 2022 14:50:00 +0900"
52,치즈 “처음부터 끌까지 즐겨달라” 꿀 음색으로 ‘킬링 보이스’ 장식,"앞서 <b>아이유</b>, 마마무, 성시경, 태연, 빅마마, 이하이, 하이라이트 등 다채로운 장르의 아티스트들이 출연해 음악 팬들의 뜨거운 지지를 받았다. 특히 <b>아이유</b>는 조회수 4800만 뷰를 기록했고, 영상 공개 10일 만에... ",https://www.newsen.com/news_view.php?uid=202208171351572110,https://n.news.naver.com/mnews/article/609/0000616250?sid=106,"Wed, 17 Aug 2022 13:54:00 +0900"
53,"애니플러스, 로운컴퍼니씨앤씨 인수…""IP 상품화 강화""","<b>아이유</b>, BTS 등 대형 K-POP 스타의 팬덤 굿즈와 알라딘, 카카오프렌즈, 라이엇게임즈, 존슨앤존슨 등 국내외 유수 협력사들의 IP(지적재산권) 관련 상품를 생산하고 있다. 또 &apos;로운컴퍼니씨앤씨&apos;는 자회사 &apos;로운랩스&apos;를... ",http://www.newsis.com/view/?id=NISX20220817_0001981168&cID=10403&pID=15000,https://n.news.naver.com/mnews/article/003/0011367685?sid=101,"Wed, 17 Aug 2022 13:25:00 +0900"
54,"뉴발란스, 아이유와 함께한 여성 컬렉션 화보 오픈",엠베서더 <b>아이유</b>와 함께한 화보를 공개했다. NB SHIFTED LINE 여성 컬렉션은 뉴발란스의 과거 모델들의... ‘Colorful Emotions’이라는 콘셉트 화보 속 <b>아이유</b>는 다채롭고 감각적인 무드를 소화했다. 특히 쉬프티드 라인... ,https://www.bntnews.co.kr/article/view/bnt202208170022,https://www.bntnews.co.kr/article/view/bnt202208170022,"Wed, 17 Aug 2022 12:24:00 +0900"
55,아이유와 함께한 'NB SHIFTED LINE' 여성 컬렉션 화보 공개한 뉴발란스,= 뉴발란스가 첫 뉴발란스 쉬프티드 라인 여성 컬렉션을 발매하며 브랜드 엠베서더 <b>아이유</b>와 함께한... 또한 뉴발란스 쉬프티드 라인 컬렉션 발매를 기념해 <b>아이유</b>와 함께한 화보는 &apos;Colorful Emotions&apos; 이라는 컨셉으로... ,https://www.insight.co.kr/news/408298,https://www.insight.co.kr/news/408298,"Wed, 17 Aug 2022 12:04:00 +0900"
56,2022 아이유 콘서트 티켓팅 일정...좌석 예매 가격은?,&apos;2022 <b>아이유</b> 콘서트&apos;의 티켓 예매와 공연 일정에 관심이 집중되고 있다./사진=<b>아이유</b> 인스타그램 &apos;2022 <b>아이유</b> 콘서트&apos;의 티켓 예매와 공연 일정에 관심이 쏠리는 가운데 <b>아이유</b> 공식 팬카페에 공지된 부정 티켓... ,https://www.nbntv.co.kr/news/articleView.html?idxno=988760,https://www.nbntv.co.kr/news/articleView.html?idxno=988760,"Wed, 17 Aug 2022 11:52:00 +0900"
57,"애니플러스, '로운컴퍼니앤씨' 인수…IP상품 사업 강화","로운컴퍼니씨앤씨는 <b>아이유</b>, BTS 등 대형 K팝 스타의 팬덤 상품과 카카오프렌즈, 라이엇게임즈, 존슨앤존슨 등 협력사들의 IP 상품를 생산하고 있는 업체다. 로운컴퍼니씨앤씨는 자회사 ‘로운랩스’를 통해 NFT... ",https://it.chosun.com/site/data/html_dir/2022/08/17/2022081701236.html,https://it.chosun.com/site/data/html_dir/2022/08/17/2022081701236.html,"Wed, 17 Aug 2022 11:26:00 +0900"
58,"애니플러스, 로운컴퍼니씨앤씨 인수···""굿즈 시장 강자 도약""","로운컴퍼니씨앤씨는 기획과 디자인, 제조, 유통·운영 등 굿즈 생산 전 과정을 소화하며, <b>아이유</b>, BTS 등 대형 K팝 스타의 팬덤 굿즈를 생산하는 기업이다. 알라딘, 카카오프렌즈, 라이엇게임즈, 존슨앤존슨 등 국내외... ",http://www.seoulfn.com/news/articleView.html?idxno=464405,http://www.seoulfn.com/news/articleView.html?idxno=464405,"Wed, 17 Aug 2022 11:21:00 +0900"
59,"애니플러스, 로운컴퍼니씨앤씨 인수…굿즈 사업 강화","<b>아이유</b>, BTS 등 대형 K-POP 스타의 팬덤 굿즈 및 알라딘, 카카오프렌즈, 라이엇게임즈, 존슨앤존슨 등 국내외 유수 협력사들의 IP 관련 상품를 생산하고 있다. 또한 로운컴퍼니씨앤씨는 자회사 로운랩스를 통해 NFT... ",http://daily.hankooki.com/news/articleView.html?idxno=860789,http://daily.hankooki.com/news/articleView.html?idxno=860789,"Wed, 17 Aug 2022 11:16:00 +0900"
60,"""6만 5,000석도 적다"" 예매일 '아이유 콘서트' 검색량 13만 건↑","이미지=TDI (티디아이) 가수 <b>아이유</b>가 오는 9월 17일, 18일 서울 잠실종합운동장 올림픽 주경기장에서... 빅데이터 전문기업 TDI(티디아이, 대표 이승주)에 따르면 최근 5일간 검색된 &apos;<b>아이유</b>콘서트&apos;는 약 23만 4... ",https://www.gokorea.kr/news/articleView.html?idxno=728541,https://www.gokorea.kr/news/articleView.html?idxno=728541,"Wed, 17 Aug 2022 11:06:00 +0900"
61,"박재범, 신곡 '바이트' 뮤직비디오 티저…컬러풀한 분위기","<b>아이유</b>)&apos;로 음원 차트에서 롱런을 이어갔다. 지난 7월에는 &apos;Need To Know (니드 투 노우)&apos;를 발매하고 리스너들의 여름 감성을 저격하며 독보적인 존재감을 발휘했다. 한편, 박재범의 신곡 &apos;Bite&apos;는 오는 18일 오후... ",http://www.celuvmedia.com/article.php?aid=1660700295432911007,http://www.celuvmedia.com/article.php?aid=1660700295432911007,"Wed, 17 Aug 2022 10:54:00 +0900"
62,"청순함 벗은 아이유, 크롭 바람막이 입고 스포티한 매력 발산",배우 <b>아이유</b>가 청순함을 벗고 스포티한 매력을 담은 화보로 찾아왔다. 글로벌 스포츠 브랜드 뉴발란스(New Balance)는 첫 뉴발란스 쉬프티드 라인 여성 컬렉션 발매 기념으로 브랜드 앰버서더 <b>아이유</b>와 함께한... ,http://www.newsinside.kr/news/articleView.html?idxno=1140444,http://www.newsinside.kr/news/articleView.html?idxno=1140444,"Wed, 17 Aug 2022 10:44:00 +0900"
63,"애니플러스, 굿즈 기업 로운컴퍼니씨앤씨 인수…""IP 상품화 사업 강화""",<b>아이유</b>·방탄소년단(BTS) 등 대형 K-POP 스타의 팬덤 굿즈와 알라딘·카카오프렌즈·라이엇게임즈·존슨앤존슨 등 국내외 유수 협력사들의 IP 관련 상품을 생산하고 있다. 또한 로운컴퍼니씨앤씨는 자회사 로운랩스를... ,http://www.inews24.com/view/1510949,https://n.news.naver.com/mnews/article/031/0000692182?sid=101,"Wed, 17 Aug 2022 10:40:00 +0900"
64,﻿“6만 5천석도 적다”…‘아이유 콘서트’ 검색량 13만 건↑,"국내 여자 가수 최초 올림픽 주경기장 단독 콘서트 예매일 이후 5일간 검색량 총 23만 4,500건 가수 <b>아이유</b>... 17일 빅데이터 전문기업 TDI(티디아이, 대표 이승주)에 따르면 최근 5일간 검색된 ‘<b>아이유</b>콘서트’는 약... ",http://www.smartfn.co.kr/view.php?ud=202208171032266521247648fe0a_46,http://www.smartfn.co.kr/view.php?ud=202208171032266521247648fe0a_46,"Wed, 17 Aug 2022 10:38:00 +0900"
65,"""6만 5,000석도 적다"" 예매일 '아이유 콘서트' 검색량 13만 건↑","이미지=TDI (티디아이) 가수 <b>아이유</b>가 오는 9월 17일, 18일 서울 잠실종합운동장 올림픽 주경기장에서... 빅데이터 전문기업 TDI(티디아이, 대표 이승주)에 따르면 최근 5일간 검색된 &apos;<b>아이유</b>콘서트&apos;는 약 23만 4... ",https://www.nbntv.co.kr/news/articleView.html?idxno=988748,https://www.nbntv.co.kr/news/articleView.html?idxno=988748,"Wed, 17 Aug 2022 10:38:00 +0900"
66,"애니플러스, 로운컴퍼니씨앤씨 인수…“굿즈시장 공략”","로운컴퍼니씨앤씨는 기획, 디자인, 제조, 유통·운영 등 굿즈 생산 전 과정을 소화하며 <b>아이유</b>, BTS 등 대형 K팝 스타의 팬덤 굿즈를 생산하는 기업이다. 알라딘, 카카오프렌즈, 라이엇게임즈, 존슨앤존슨 등 국내외... ",http://www.edaily.co.kr/news/newspath.asp?newsid=02082806632428304,https://n.news.naver.com/mnews/article/018/0005293971?sid=101,"Wed, 17 Aug 2022 10:33:00 +0900"
67,"임영웅, 광고주가 사랑하는 트로트 가수 1위","1위는 방탄소년단(BTS), 2위는 <b>아이유</b>다. 한국기업평판연구소는 국내 브랜드의 평판지수를 매달 측정해 브랜드 평판지수의 변화량을 발표하고 있다. 이번 광고모델 브랜드 평판지수는 지난달 15일부터 이달... ",http://www.ggilbo.com/news/articleView.html?idxno=928942,http://www.ggilbo.com/news/articleView.html?idxno=928942,"Wed, 17 Aug 2022 10:26:00 +0900"
68,"애니플러스, 로운컴퍼니씨앤씨 인수…팬덤 굿즈 시장 강자 도약 목표","이번 애니플러스가 인수한 로운컴퍼니씨앤씨는 기획, 디자인, 제조, 유통·운영 등 굿즈 생산 전 과정을 올인원(All-In-One)으로 소화하며, <b>아이유</b>, BTS 등 대형 K-POP 스타의 팬덤 굿즈 및 알라딘, 카카오프렌즈... ",http://www.newsway.co.kr/news/view?tp=1&ud=2022081710120283354,http://www.newsway.co.kr/news/view?tp=1&ud=2022081710120283354,"Wed, 17 Aug 2022 10:16:00 +0900"
69,소프트뱅크가 韓소뱅벤처스 매물로 내놓은 이유는,"<b>아이유</b>노미디어·네이버제트(제페토 운용사)·소다 등이 대표 포트폴리오다. 지난해엔 초기 투자한 하이퍼커넥트(2조원), 래디시(5000억원) 등이 지난해 각각 매치그룹과 카카오에 매각되며 &apos;잭팟&apos;을 거두기도 했다.... ",https://www.hankyung.com/economy/article/202208116817r,https://n.news.naver.com/mnews/article/015/0004737705?sid=101,"Wed, 17 Aug 2022 10:15:00 +0900"
70,"박재범, 차차 말론과 협업 '바이트' 티저 공개",박재범은 지난 3월 <b>아이유</b>가 피처링한 &apos;가나다라(GANADARA)&apos;로 음원 차트에서 롱런을 이어갔다. 7월에는 &apos;니드 투 노우(Need To Know)&apos;를 발매하고 리스너들의 여름 감성을 저격하며 독보적인 존재감을 발휘했다.... ,https://news.jtbc.co.kr/article/article.aspx?news_id=NB12071126,https://n.news.naver.com/mnews/article/437/0000310143?sid=106,"Wed, 17 Aug 2022 10:14:00 +0900"
71,"빅톤 승식x세준, '싱인더그린' 특별게스트 출격…중노동에 영혼 가출","뒤이어 아도라는 <b>아이유</b>의 &apos;어푸&apos;를, 윤딴딴은 자작곡 &apos;겨울을 걷는다&apos;를 &apos;여름을 걷는다&apos;로 재해석해 선보인다. 윤딴딴의 무대 후 승식은 &quot;저 사실은 윤딴딴 선배님 팬입니다&quot;라며 수줍게 &apos;팬밍아웃&apos; 한다. 특히 최애곡이... ",https://www.news1.kr/articles/4775082,https://n.news.naver.com/mnews/article/421/0006281458?sid=106,"Wed, 17 Aug 2022 10:07:00 +0900"
72,"'싱인더그린' 빅톤 승식-세준, 특별 게스트 합류!","뒤이어 아도라는 <b>아이유</b>의 &apos;어푸&apos;를, 윤딴딴은 자작곡 &apos;겨울을 걷는다&apos;를 &apos;여름을 걷는다&apos;로 재해석해 선보인다. 윤딴딴의 무대 후 승식은 &quot;저 사실은 윤딴딴 선배님 팬입니다&quot;라며 수줍게 &apos;팬밍아웃&apos; 한다. 특히 최애곡이... ",http://www.veritas-a.com/news/articleView.html?idxno=425771,http://www.veritas-a.com/news/articleView.html?idxno=425771,"Wed, 17 Aug 2022 09:32:00 +0900"
73,"빅톤 승식X세준, '싱인더그린' 특별게스트 합류...힐링 공연 선사","뒤이어 아도라는 <b>아이유</b>의 &apos;어푸&apos;를, 윤딴딴은 자작곡 &apos;겨울을 걷는다&apos;를 &apos;여름을 걷는다&apos;로 재해석해 선보인다. 윤딴딴의 무대 후 승식은 &quot;저 사실은 윤딴딴 선배님 팬입니다&quot;라며 수줍게 &apos;팬밍아웃&apos; 한다. 특히 최애곡이... ",http://www.slist.kr/news/articleView.html?idxno=377255,http://www.slist.kr/news/articleView.html?idxno=377255,"Wed, 17 Aug 2022 09:32:00 +0900"
74,"뉴발란스, 아이유' NB SHIFTED LINE' 여성 컬렉션 화보 공개",<b>아이유</b>(사진=뉴발란스)©열린뉴스통신ONA  뉴발란스(New Balance)가 브랜드 엠베서더 <b>아이유</b>의 쉬프티드 라인 여성 컬렉션 화보를 공개했다. <b>아이유</b>(사진=뉴발란스)©열린뉴스통신ONA 뉴발란스 쉬프티드 라인 컬렉션... ,https://www.onews.tv/news/articleView.html?idxno=135402,https://www.onews.tv/news/articleView.html?idxno=135402,"Wed, 17 Aug 2022 09:32:00 +0900"
75,"아이유, 크롭 바람막이 입고...'한줌 개미허리'",가수 겸 배우 <b>아이유</b>가 상큼한 화보로 찾아왔다. 글로벌 스포츠 브랜드 뉴발란스(New Balance)가 첫 뉴발란스 쉬프티드 라인 여성 컬렉션을 발매하며 브랜드 앰버서더 <b>아이유</b>와 함께한 화보를 17일 선보였다. 새롭게... ,http://star.mk.co.kr/new/view.php?mc=ST&year=2022&no=725688,https://n.news.naver.com/mnews/article/009/0005005273?sid=106,"Wed, 17 Aug 2022 09:29:00 +0900"
76,"박재범, 'Bite' MV 티저…""감각적이고, 유니크하다""","<b>아이유</b>)로 롱런 행진을 이어갔다. 7월에는 &apos;니드 투 노우&apos;로 여름 감성 자극에 성공했다. 뛰어난 음악적 역량을 입증했다. 관계자는 &quot;박재범은 엔터사 &apos;모어 비전&apos; 설립, 소주 브랜드 런칭 등 신선한 행보를... ",http://www.dispatch.co.kr/2213553,https://n.news.naver.com/mnews/article/433/0000084742?sid=106,"Wed, 17 Aug 2022 09:20:00 +0900"
77,"박재범, 감각적 일러스트로 신곡 ‘Bite’ 기대감 자극","<b>아이유</b>)&apos;로 음원 차트에서 롱런을 이어갔다. 지난 7월에는 &apos;Need To Know (니드 투 노우)&apos;를 발매하고 리스너들의 여름 감성을 저격하며 독보적인 존재감을 발휘했다. 한편, 박재범의 신곡 &apos;Bite&apos;는 8월 18일 오후... ",https://www.newsen.com/news_view.php?uid=202208170915522110,https://n.news.naver.com/mnews/article/609/0000616131?sid=106,"Wed, 17 Aug 2022 09:17:00 +0900"
78,펄 시스터스부터 블랙 핑크까지…시대 상징하는 여성의 목소리,투애니원과 블랙 핑크는 독립적이고 진취적인 여성의 아이콘으로 등극했고 <b>아이유</b>는 송라이팅과 프로듀싱 능력까지 갖춘 솔로 아티스트로 성장하여 각광받고 있다. 그 외에도 여기서 호명하지 못한 여성 음악인이 훨씬... ,http://www.kyosu.net/news/articleView.html?idxno=92588,http://www.kyosu.net/news/articleView.html?idxno=92588,"Wed, 17 Aug 2022 09:12:00 +0900"
79,"박재범, 신곡 'Bite' M/V 티저 공개…유니크한 영상미 '기대감 UP'","<b>아이유</b>)&apos;로 음원 차트에서 롱런을 이어갔다. 지난 7월에는 &apos;Need To Know (니드 투 노우)&apos;를 발매하고 리스너들의 여름 감성을 저격하며 독보적인 존재감을 발휘했다. 한편, 박재범의 신곡 &apos;Bite&apos;는 오는 18일 오후... ",http://enter.etoday.co.kr/view/news_view.php?varAtcId=229200,http://enter.etoday.co.kr/view/news_view.php?varAtcId=229200,"Wed, 17 Aug 2022 09:10:00 +0900"
80,美 음악시장에 녹아들다…빌보드 장악한 K팝,"아이돌 외에도 태연, <b>아이유</b>, 포레스텔라 등 역시 해외 팬층이 확산되고 있다. 해외 음악에서는 찾아보기 힘든 칼군무와 아티스트들의 화려한 메이크업 등이 해외 가수들과 다르기 때문에 인기 요인으로... ",http://www.newspim.com/news/view/20220816000788,http://www.newspim.com/news/view/20220816000788,"Wed, 17 Aug 2022 08:51:00 +0900"
81,"뉴발란스 브랜드 엠베서더 아이유, ‘NB SHIFTED LINE’ 여성 컬렉션 화보 공...",엠베서더 <b>아이유</b>와 함께한 화보를 선보인다.뉴발란스가 새롭게 선보이는 이번 NB SHIFTED LINE... 또한 뉴발란스 쉬프티드 라인 컬렉션 발매를 기념해 <b>아이유</b>와 함께한 화보는 ‘Colorful Emotions’... ,http://zine.istyle24.com/Fashion/FashionView.aspx?Idx=59903&Menu=12&_C_=23069,http://zine.istyle24.com/Fashion/FashionView.aspx?Idx=59903&Menu=12&_C_=23069,"Wed, 17 Aug 2022 08:48:00 +0900"
82,"""악기도 못다루면서"" VS ""무대 기획력 중요""…'리슨업'이 쏘아올린 '프로듀서...","<b>아이유</b>의 &apos;셀러브리티&apos;, 오마이걸 &apos;돌핀&apos;, 아이브 &apos;일레븐&apos; 등 히트곡을 보유하고 있는 라이언 전은 퍼블리싱 회사를 운영하며 5~600명의 팀원들과 작업하고 있다. 라이언 전 역시 자신을 둘러싼 소문에 대해 &quot;메인... ",https://www.dailian.co.kr/news/view/1142805/?sc=Naver,https://n.news.naver.com/mnews/article/119/0002630785?sid=106,"Wed, 17 Aug 2022 08:30:00 +0900"
83,"아이유 화보, 물오른 여신 미모..어떤 스타일도 완벽 소화 ‘시선강탈’",브레이크뉴스 박동제 기자= 가수 겸 배우 <b>아이유</b>가 화보를 통해 물오른 여신... 엠베서더 <b>아이유</b>와 함께한 화보를 공개해 눈길을 끈다. 이번 뉴발란스 쉬프티드 라인... ,http://www.breaknews.com/916474,http://www.breaknews.com/916474,"Wed, 17 Aug 2022 08:24:00 +0900"
84,"[유통이슈] 롯데아울렛, ‘디즈니 프린세스 페스티벌’ 진행 外","◆뉴발란스 브랜드 엠베서더 <b>아이유</b>, ‘NB SHIFTED LINE’ 여성 컬렉션 화보 공개 글로벌 스포츠 브랜드 뉴발란스(New Balance)가 첫 뉴발란스 쉬프티드 라인 여성 컬렉션을 발매하며 브랜드 엠베서더 <b>아이유</b>와 함께한 화보를... ",http://www.lawissue.co.kr/view.php?ud=202208170815175398204ead0791_12,http://www.lawissue.co.kr/view.php?ud=202208170815175398204ead0791_12,"Wed, 17 Aug 2022 08:18:00 +0900"
85,"아이유, 'NB 쉬프티드 라인' 여성 컬렉션 화보공개",앰배서더 <b>아이유</b>와 함께한 화보를 선보인다. 신규 라인 여성 컬렉션은 뉴발란스의 아카이브에서 찾은... 또한 발매를 기념해 <b>아이유</b>와 함께한 화보는 &apos;Colorful Emotions&apos; 이라는 콘셉트로 진행됐다. <b>아이유</b>는 음악을... ,http://www.slist.kr/news/articleView.html?idxno=377177,http://www.slist.kr/news/articleView.html?idxno=377177,"Wed, 17 Aug 2022 08:16:00 +0900"
86,"마음을 담은 편지, 편지를 담은 노래[우정이야기]",“이 밤 그날의 반딧불을 당신의/ 창 가까이 보낼게요/ 사랑한다는 말이에요.” 가수 <b>아이유</b>의 노래 ‘밤편지’는 사랑하는 사람에게 자신의 마음을 글로 쓴 편지를 보내듯 전달하고 싶다는 내용을 담고 있다. 첫... ,http://weekly.khan.co.kr/khnm.html?mode=view&code=114&artid=202208161436031,https://n.news.naver.com/mnews/article/033/0000044474?sid=101,"Wed, 17 Aug 2022 08:07:00 +0900"
87,"아이유·임영웅→BTS, '공연의 神'들의 신기록 행진[SS연예프리즘]","콘서트를 앞둔 방탄소년단(BTS)부터 <b>아이유</b>, 임영웅, NCT DREAM(NCT 드림) 등이 각자의 자리에서 신기록을... <b>아이유</b>와 임영웅은 각각 솔로 가수로서 신기록을 세우고 있다. 먼저 첫 단독 전국 투어 콘서트 ‘아임 히어로’... ",http://www.sportsseoul.com/news/read/1151152?ref=naver,https://n.news.naver.com/mnews/article/468/0000874191?sid=106,"Wed, 17 Aug 2022 06:01:00 +0900"
88,"'미스터리 듀엣' 홍경민, 아이유와의 듀엣? ""할 수 있다면 무조건 해야지"" 폭...","그러자 홍경민은 일초의 망설임도 없이 후배 가수 <b>아이유</b>를 언급했다. 홍경민은 그 이유에 대해 &quot;할 수 있다면 무조건 해야지, 무슨 소리야&quot;라고 말해 폭소를 자아냈다. 한편 MBN 음악 프로그램 &apos;미스터리 듀엣&apos;은 원통형... ",http://www.newsinside.kr/news/articleView.html?idxno=1140421,http://www.newsinside.kr/news/articleView.html?idxno=1140421,"Wed, 17 Aug 2022 04:50:00 +0900"
89,"임영웅· 아이유 '팬 서비스 가장 잘해주는 것 같은 스타' 1,2위 차지","네티즌들이 팬 서비스 가장 잘해주는 것 같은 스타로 임영웅, <b>아이유</b>를 뽑았다. 커뮤니티 포털사이트... 2위는 1,654(15%)표로 <b>아이유</b>가 차지했다. 과거 10주년 팬미팅에서 고등학생 팬의 소원으로 해당 학교의 졸업식을... ",http://www.joygm.com/news/articleView.html?idxno=98966,http://www.joygm.com/news/articleView.html?idxno=98966,"Wed, 17 Aug 2022 00:34:00 +0900"
90,"“임영웅·아이유씨, 주제파악해줘” 호소 나온 이유, 악평 아닌 ‘애정’",그간 온라인에서는 가수 임영웅·<b>아이유</b>를 향해 &quot;주제 파악 좀 해달라&quot;는 식의 애정 섞인 &apos;잔소리&apos;가... 가수 <b>아이유</b>에게도 &quot;주제 파악이 필요하다&quot;는 농담조의 말이 따라붙고 있다. <b>아이유</b>는 다음 달 17~18일 올림픽 주... ,http://news.heraldcorp.com/view.php?ud=20220816000841,https://n.news.naver.com/mnews/article/016/0002029163?sid=103,"Tue, 16 Aug 2022 20:37:00 +0900"
91,"임영웅-아이유, 팬 서비스 잘 해줄 것 같은 스타 1·2위 차지","임영웅-<b>아이유</b>, 팬 서비스 잘 해줄 것 같은 스타 1·2위 차지 가수 임영웅이 &apos;팬 서비스 가장 잘해주는 것 같은 스타는?&apos;으로 진행된 투표 결과 1위에 뽑혔다. <b>아이유</b>는 2위를 차지했다. 해당 조사는 커뮤니티 포털사이트... ",http://www.ggilbo.com/news/articleView.html?idxno=928904,http://www.ggilbo.com/news/articleView.html?idxno=928904,"Tue, 16 Aug 2022 19:52:00 +0900"
92,"카카오, 기업집단 설명서 발간…139→134개로 계열사 축소","영화 &apos;헌트&apos; 제작사인 사나이픽처스, &apos;국민요정&apos; <b>아이유</b>의 소속사인 이담엔터테인먼트, 가수 아이브와 몬스타엑스 등의 소속사인 스타쉽엔터테인먼트 등이 여기에 포함된다. &apos;일상의 혁신 위한 디지털 전환 사업&apos; 관련해... ",http://www.newstomato.com/ReadNews.aspx?no=1141379&inflow=N,http://www.newstomato.com/ReadNews.aspx?no=1141379&inflow=N,"Tue, 16 Aug 2022 18:46:00 +0900"
93,"방탄소녀단 슈가, '최고의 근무환경' 직장 동료로 만나고 싶은 스타 1위","또 하성운(3169표), 장민호(2685표), 백호(1469표), 고은성(1072표), <b>아이유</b>(1053표) 순서로 집계됐다. 설문조사의 결과는 아이돌차트 &apos;POLL&apos; 메뉴에서 확인 가능하다. 현재 &apos;늘 완성도 높은 라이브 무대를 보여주는... ",http://www.newsinside.kr/news/articleView.html?idxno=1140388,http://www.newsinside.kr/news/articleView.html?idxno=1140388,"Tue, 16 Aug 2022 18:32:00 +0900"
94,"“난 너의 노래야” 온앤오프, 군대도 막지못한 팬사랑 ‘Your Song’[들어...","&apos;Your Song&apos; 뮤직비디오 연출은 그간 온앤오프뿐 아니라 B1A4(비원에이포), 오마이걸의 대표 히트곡, <b>아이유</b> &apos;Coin&apos;(코인) 뮤직비디오 등을 히트시킨 써니 비주얼 유성균 감독이 맡았다. 수록곡 퀄리티 역시 타이틀곡... ",https://www.newsen.com/news_view.php?uid=202208161541050410,https://n.news.naver.com/mnews/article/609/0000615961?sid=106,"Tue, 16 Aug 2022 18:01:00 +0900"
95,"방탄소년단 슈가, '직장 동료로 매일 만나고 싶은 스타' 1위","뒤를 이어 김재환 (7448표), 홍지윤(4179표), 박창근(3567표), 하성운(3169표), 장민호(2685표), 백호(1469표), 고은성(1072표), <b>아이유</b>(1053표), 정동하(943표), 위아이 김요한(710표), 황우림(700표), 윤지성(691표), 정동원... ",http://www.celuvmedia.com/article.php?aid=1660635399432864005,http://www.celuvmedia.com/article.php?aid=1660635399432864005,"Tue, 16 Aug 2022 16:42:00 +0900"
96,"방탄소년단(BTS) 슈가, ‘직장 동료로 매일 만나고 싶은 스타’ 1위..2위 RM","뒤를 이어 김재환 (7448표), 홍지윤(4179표), 박창근(3567표), 하성운(3169표), 장민호(2685표), 백호(1469표), 고은성(1072표), <b>아이유</b>(1053표), 정동하(943표), 위아이 김요한(710표)... ",http://www.breaknews.com/916323,http://www.breaknews.com/916323,"Tue, 16 Aug 2022 16:40:00 +0900"
97,"아이유, 1억 기부...수해복구 위해 선한 영향력","<b>아이유</b>, 1억 기부...수해복구 위해 선한 영향력 <b>아이유</b> 인스타그램 캡처 가수 겸 배우 <b>아이유</b>(본명 이지은·30)가 집중 호우로 인한 수해 피해 복구에 1억 원을 기부했다. 지난 8일부터 수도권을 비롯한 중부지방과... ",http://www.ggilbo.com/news/articleView.html?idxno=928832,http://www.ggilbo.com/news/articleView.html?idxno=928832,"Tue, 16 Aug 2022 15:10:00 +0900"
98,"임영웅·아이유, ‘팬 서비스 가장 잘해주는 것 같은 스타’ 1·2위 차지..3위...",2위는 1654(15%)표로 가수 겸 배우 <b>아이유</b>가 차지했다. 과거 10주년 팬미팅에서 고등학생 팬의 소원으로 해당 학교의 졸업식을 찾아가기도 했던 <b>아이유</b>는 남다른 팬... ,http://www.breaknews.com/916260,http://www.breaknews.com/916260,"Tue, 16 Aug 2022 15:02:00 +0900"
99,"박재범, 센스 넘치는 디자인 표현… 18일 발매하는 신곡 'Bite' 티저 이미지 ...",<b>아이유</b>)&apos;로 음원 차트에서 롱런을 이어갔다. 지난 7월에는 &apos;Need To Know (니드 투 노우)&apos;를 발매하고 리스너들의 여름 감성을 저격하며 또 한 번 뛰어난 음악적 역량을 입증해왔다. 박재범은 음악 활동 외에도... ,https://tenasia.hankyung.com/music/article/2022081663094,https://n.news.naver.com/mnews/article/312/0000564181?sid=106,"Tue, 16 Aug 2022 14:08:00 +0900"
